{
  "Ns": [10, 20, 50, 100, 200, 500, 1000, 2000, 5000, 10000],
  "gaxpy_block": {
    "mean": [5.83e-07, 1.26367e-06, 7.15267e-06, 3.4819e-05, 0.000184555, 0.00229163, 0.00871583, 0.0518502, 0.953961, 7.81387],
    "std_dev": [2.23255e-07, 5.01381e-07, 1.94912e-06, 6.90222e-06, 1.9506e-05, 0.000413646, 0.000506819, 0.000813921, 0.0136918, 0.114454]
  },
  "gaxpy_col": {
    "mean": [4.44333e-07, 1.25e-06, 4.653e-06, 2.12083e-05, 0.000105139, 0.00124012, 0.00866142, 0.0540894, 0.978558, 7.83581],
    "std_dev": [2.18779e-07, 8.89757e-07, 2.18753e-06, 8.72563e-06, 2.0838e-05, 7.80822e-05, 0.000127933, 0.000701022, 0.024413, 0.0323487]
  },
  "gaxpy_row": {
    "mean": [5.42e-07, 9.31e-07, 4.68067e-06, 2.0361e-05, 0.000116708, 0.00142647, 0.0157642, 0.229892, 2.71695, 29.8203],
    "std_dev": [2.65693e-07, 4.69558e-07, 1.68979e-06, 6.26985e-06, 1.96604e-05, 6.80713e-05, 0.000192617, 0.000416389, 0.00235012, 0.0942713]
  }
}
