{
  "density": 0.25,
  "Ns": [10, 20, 50, 100, 200, 500, 1000, 2000, 5000],
  "gatxpy_block": {
    "mean": [1.278e-06, 4.13933e-06, 5.81807e-05, 0.000528555, 0.00228442, 0.0243731, 0.235465, 2.11816, 35.8377],
    "std_dev": [4.06183e-07, 5.81834e-07, 2.43763e-06, 6.32566e-06, 0.000124092, 0.00124234, 0.00023465, 0.000861962, 0.295424]
  },
  "gatxpy_col": {
    "mean": [5.69667e-07, 1.86133e-06, 1.41113e-05, 0.000242736, 0.00117967, 0.0236416, 0.237972, 2.14352, 35.5698],
    "std_dev": [2.462e-07, 8.35033e-07, 1.27725e-06, 0.000182335, 1.12666e-05, 7.82778e-05, 0.000847739, 0.00963244, 0.0560417]
  },
  "gatxpy_row": {
    "mean": [5.97e-07, 1.528e-06, 1.4139e-05, 0.000193931, 0.00129483, 0.0254297, 0.258948, 2.24265, 41.0018],
    "std_dev": [2.57505e-07, 2.83388e-07, 1.11029e-06, 0.000102816, 2.37198e-05, 0.000234346, 0.00219913, 0.0089198, 0.418109]
  }
}
