{
  "Ns": [10, 20, 50, 100, 200, 500, 1000, 2000, 5000],
  "gatxpy_block": {
    "mean": [1.16633e-06, 2.72233e-06, 2.6389e-05, 0.000104042, 0.00126872, 0.0103627, 0.0786873, 0.777475, 14.3957],
    "std_dev": [3.7857e-07, 3.47189e-07, 2.96119e-06, 5.48018e-06, 0.000207864, 0.00233323, 0.000396817, 0.000553225, 0.0298674]
  },
  "gatxpy_col": {
    "mean": [1.028e-06, 1.19467e-06, 8.653e-06, 4.83473e-05, 0.000370555, 0.0080229, 0.0784475, 0.775731, 14.3588],
    "std_dev": [8.97808e-07, 2.1861e-07, 1.39484e-06, 7.2746e-07, 2.96628e-06, 3.1171e-05, 0.00044326, 0.000342483, 0.00481782]
  },
  "gatxpy_row": {
    "mean": [8.19333e-07, 1.069e-06, 8.52767e-06, 5.08197e-05, 0.000442111, 0.00895349, 0.0964047, 0.894843, 17.1844],
    "std_dev": [5.424e-07, 1.56978e-07, 1.24698e-06, 3.98892e-06, 2.13423e-05, 0.000132108, 0.000691389, 0.0119113, 0.0703635]
  }
}
