{
  "Ns": [10, 20, 50, 100, 200, 500, 1000, 2000, 5000, 10000],
  "gaxpy_block": {
    "mean": [1.07777e-05, 2.09667e-06, 1.34027e-05, 6.94583e-05, 0.000342569, 0.00177143, 0.00875633, 0.0556978, 0.957302, 7.97372],
    "std_dev": [1.41518e-05, 4.43882e-07, 3.23482e-06, 7.53957e-06, 2.78492e-05, 0.000164205, 6.29197e-05, 0.00112413, 0.0181804, 0.188951]
  },
  "gaxpy_col": {
    "mean": [5.41667e-07, 9.58333e-07, 4.653e-06, 3.95417e-05, 0.000103069, 0.00126378, 0.00890793, 0.0544861, 1.04634, 7.79704],
    "std_dev": [2.45251e-07, 4.82327e-07, 2.24551e-06, 3.44959e-05, 2.23134e-05, 6.27167e-05, 0.000192385, 0.00181546, 0.0176325, 0.0452132]
  },
  "gaxpy_row": {
    "mean": [4.86333e-07, 9.44333e-07, 4.556e-06, 4.9625e-05, 0.000145347, 0.00162496, 0.0161328, 0.23286, 2.75135, 30.0928],
    "std_dev": [2.7696e-07, 4.38425e-07, 1.70289e-06, 4.65341e-05, 3.54416e-05, 0.000150489, 0.000282273, 0.00416104, 0.0313169, 0.23051]
  }
}
