{
  "density": 0.25,
  "Ns": [10, 20, 50, 100, 200, 500, 1000, 2000, 5000],
  "gaxpy_block": {
    "mean": [1.07637e-05, 3.014e-06, 2.8528e-05, 0.000171556, 0.000734361, 0.00587494, 0.0312329, 0.207212, 4.21886],
    "std_dev": [1.3809e-05, 1.09938e-06, 5.1709e-06, 9.97313e-06, 0.000166959, 0.000472241, 0.00022031, 0.00197655, 0.411161]
  },
  "gaxpy_col": {
    "mean": [6.11333e-07, 1.36133e-06, 8.91633e-06, 7.60697e-05, 0.000329431, 0.0045454, 0.0298049, 0.326499, 4.26684],
    "std_dev": [3.16145e-07, 7.32938e-07, 4.23864e-06, 4.53295e-05, 9.07556e-06, 1.80252e-05, 0.000400887, 0.0704874, 0.140692]
  },
  "gaxpy_row": {
    "mean": [9.58667e-07, 1.44433e-06, 8.94433e-06, 9.9722e-05, 0.000401528, 0.00513733, 0.0814974, 1.29374, 14.3539],
    "std_dev": [8.00249e-07, 7.65635e-07, 4.25695e-06, 7.39247e-05, 3.26559e-05, 0.000129254, 0.000278564, 0.0143202, 0.0595089]
  }
}
