{
  "density": 0.4,
  "Ns": [1, 2, 3, 5, 10, 20, 30, 50, 100, 200, 300, 400, 500, 600, 700, 800, 900, 1000],
  "lsolve": {
    "mean": [0.00491191, 0.00492736, 0.00493652, 0.00498427, 0.00499202, 0.00492675, 0.004926, 0.00492561, 0.00492744, 0.00492267, 0.0049305, 0.0049233, 0.00492508, 0.00492702, 0.0049267, 0.00492273, 0.00490004, 0.0049261],
    "std_dev": [3.60508e-05, 1.37807e-05, 2.38404e-05, 1.85804e-05, 1.91451e-05, 1.1402e-05, 1.20277e-05, 1.29107e-05, 9.73011e-06, 9.15252e-06, 2.23445e-05, 1.15122e-05, 1.00817e-05, 2.22797e-05, 1.03366e-05, 1.10723e-05, 3.41136e-05, 1.57924e-05]
  },
  "lsolve_opt": {
    "mean": [0.00299236, 0.00292105, 0.00297894, 0.00298695, 0.00298612, 0.00299159, 0.00298703, 0.00297842, 0.00299176, 0.00298916, 0.0029928, 0.00298756, 0.00299586, 0.00297909, 0.00290238, 0.00293005, 0.00292428, 0.0028849],
    "std_dev": [2.68459e-05, 2.4521e-05, 2.48455e-05, 2.58737e-05, 2.25446e-05, 2.28579e-05, 2.42587e-05, 1.79609e-05, 2.41314e-05, 2.51065e-05, 2.84231e-05, 2.53082e-05, 2.56409e-05, 1.99966e-05, 3.90008e-05, 2.67103e-05, 2.57801e-05, 2.7189e-05]
  },
  "usolve": {
    "mean": [0.00492923, 0.00476486, 0.00492484, 0.00498291, 0.0049317, 0.0049282, 0.00493698, 0.00492886, 0.00493122, 0.00484225, 0.00492795, 0.0049308, 0.00493039, 0.00493207, 0.00477016, 0.00482001, 0.00493356, 0.00475636],
    "std_dev": [1.53978e-05, 3.34305e-05, 8.96837e-06, 2.36978e-05, 2.96787e-05, 1.78838e-05, 2.47226e-05, 1.77785e-05, 1.65591e-05, 4.86976e-05, 1.93996e-05, 1.61138e-05, 2.2274e-05, 2.86135e-05, 2.86197e-05, 2.32383e-05, 2.07374e-05, 2.22629e-05]
  },
  "usolve_opt": {
    "mean": [0.00244238, 0.00244333, 0.00244367, 0.00243384, 0.0024439, 0.00244551, 0.00244569, 0.00244857, 0.00244487, 0.00244153, 0.00245005, 0.00245281, 0.00244892, 0.0024429, 0.00241074, 0.0023704, 0.00244961, 0.00244152],
    "std_dev": [2.40781e-05, 2.04035e-05, 2.23391e-05, 2.21555e-05, 2.1478e-05, 2.16391e-05, 1.95889e-05, 2.0907e-05, 1.70805e-05, 2.09991e-05, 2.3544e-05, 1.75123e-05, 2.01607e-05, 1.60313e-05, 2.45254e-05, 2.11608e-05, 2.34428e-05, 2.13639e-05]
  }
}
