{
  "density": 0.1,
  "Ns": [1, 10, 20, 30, 50, 100, 200, 300, 400, 500, 600, 700, 800, 900, 1000],
  "lsolve": {
    "mean": [0.000813247, 0.000836945, 0.000834105, 0.000843079, 0.000841834, 0.00084226, 0.000842312, 0.000810762, 0.000810926, 0.000811216, 0.000810561, 0.000810124, 0.000810794, 0.000810361, 0.000810465],
    "std_dev": [8.67678e-06, 7.91875e-06, 9.12683e-06, 5.88103e-06, 4.31985e-06, 5.98105e-06, 4.86577e-06, 3.73498e-06, 3.72638e-06, 4.03056e-06, 3.52735e-06, 3.83053e-06, 3.84612e-06, 4.24315e-06, 4.53234e-06]
  },
  "lsolve_opt": {
    "mean": [0.000485591, 0.000499575, 0.000495436, 0.000508665, 0.000508004, 0.000509408, 0.000511293, 0.000508509, 0.000507693, 0.000506501, 0.000505817, 0.000506112, 0.000506037, 0.000506137, 0.000506316],
    "std_dev": [1.42963e-05, 1.37003e-05, 5.2951e-06, 4.72435e-06, 4.44623e-06, 6.41779e-06, 4.349e-06, 4.31555e-06, 4.17838e-06, 4.01154e-06, 4.23124e-06, 3.94396e-06, 4.15353e-06, 4.10851e-06, 4.46682e-06]
  },
  "usolve": {
    "mean": [0.000815386, 0.00083723, 0.000840802, 0.000839435, 0.000841259, 0.000842105, 0.000846211, 0.00081052, 0.000810606, 0.000810865, 0.000809874, 0.000810342, 0.000810621, 0.000810834, 0.000810579],
    "std_dev": [8.79051e-06, 6.47251e-06, 5.01954e-06, 4.65504e-06, 1.28741e-05, 9.24712e-06, 1.17782e-05, 4.05615e-06, 3.57459e-06, 3.50479e-06, 2.61563e-06, 3.47459e-06, 3.86379e-06, 3.84388e-06, 3.31943e-06]
  },
  "usolve_opt": {
    "mean": [0.00039626, 0.000398015, 0.000403097, 0.00041272, 0.00040269, 0.00041313, 0.000403423, 0.000403199, 0.000403394, 0.000403459, 0.000402938, 0.000403272, 0.00040316, 0.000402883, 0.000403146],
    "std_dev": [1.00159e-05, 8.44656e-06, 6.70045e-06, 4.13043e-06, 5.30859e-06, 3.76284e-06, 5.21044e-06, 4.77637e-06, 5.03789e-06, 4.97993e-06, 4.69671e-06, 4.97744e-06, 4.90363e-06, 4.28501e-06, 4.53021e-06]
  }
}
