{
  "density": 1000,
  "Ns": [1, 10, 20, 30, 50, 100, 200, 300, 400, 500, 600, 700, 800, 900, 1000],
  "lsolve": {
    "mean": [3.93199e-05, 6.39151e-05, 9.89631e-05, 0.000132517, 0.000198552, 0.000374555, 0.000675464, 0.000947775, 0.00119679, 0.00143113, 0.00162571, 0.00181715, 0.0019872, 0.00212604, 0.00227468],
    "std_dev": [8.21089e-06, 1.3424e-06, 2.03716e-06, 2.37562e-06, 2.35123e-06, 2.70422e-06, 7.50691e-06, 4.94187e-06, 5.33989e-06, 5.4666e-06, 7.81212e-06, 8.2709e-06, 6.7015e-06, 7.46707e-06, 1.57513e-05]
  },
  "lsolve_opt": {
    "mean": [1.52087e-05, 1.67093e-05, 6.87606e-05, 0.000105932, 0.000163772, 0.000318013, 0.00061202, 0.000866341, 0.001101, 0.00130493, 0.0014957, 0.00167313, 0.00182931, 0.0019651, 0.00210322],
    "std_dev": [1.52022e-06, 2.76734e-07, 1.91256e-06, 2.03977e-06, 2.97867e-06, 2.95668e-06, 7.70624e-06, 8.65676e-06, 1.54995e-05, 1.38083e-05, 1.93051e-05, 1.57342e-05, 1.78242e-05, 1.72285e-05, 3.80579e-05]
  },
  "usolve": {
    "mean": [3.18307e-05, 6.60544e-05, 0.000100365, 0.000134972, 0.000201775, 0.000376193, 0.000680339, 0.000978756, 0.00122634, 0.00147097, 0.00164627, 0.00183279, 0.00200099, 0.00215146, 0.00230392],
    "std_dev": [1.52217e-06, 1.5947e-06, 2.49703e-06, 2.65179e-06, 2.07439e-06, 2.85425e-06, 1.38479e-05, 5.65862e-06, 1.07429e-05, 9.00689e-06, 1.35198e-05, 1.96283e-05, 1.62055e-05, 1.49476e-05, 2.10771e-05]
  },
  "usolve_opt": {
    "mean": [1.24704e-05, 3.50016e-05, 6.54711e-05, 0.000106005, 0.000179751, 0.000341096, 0.000616584, 0.000898471, 0.00113912, 0.00136007, 0.00154934, 0.00169283, 0.00189422, 0.00197954, 0.00219557],
    "std_dev": [2.58085e-07, 2.17114e-06, 1.62258e-06, 2.36214e-06, 2.47968e-06, 3.11612e-06, 7.03807e-06, 5.7655e-06, 7.10757e-06, 1.01246e-05, 2.09067e-05, 2.00306e-05, 1.63378e-05, 3.19198e-05, 2.28189e-05]
  }
}
