{
  "density": 0.4,
  "Ns": [10, 20, 50, 100, 200, 500, 1000, 2000, 5000],
  "lsolve": {
    "mean": [1.66183e-07, 3.06616e-07, 9.56021e-07, 2.66714e-06, 1.08286e-05, 3.19449e-05, 0.000124646, 0.000489329, 0.00304041],
    "std_dev": [1.76911e-08, 2.1536e-08, 2.25357e-08, 1.1547e-07, 6.21553e-07, 1.05733e-06, 1.10712e-06, 3.82477e-06, 0.000155305]
  },
  "lsolve_opt": {
    "mean": [1.00186e-07, 2.34396e-07, 8.69044e-07, 1.68988e-06, 6.14745e-06, 2.62451e-05, 0.000103149, 0.000403953, 0.00250552],
    "std_dev": [2.20888e-08, 2.1677e-08, 2.34678e-08, 8.50595e-08, 9.22956e-07, 2.14943e-06, 3.17769e-06, 1.78082e-05, 5.10912e-05]
  },
  "usolve": {
    "mean": [1.69049e-07, 3.40003e-07, 1.08539e-06, 2.72906e-06, 8.1385e-06, 3.50729e-05, 0.000142062, 0.000602476, 0.00372278],
    "std_dev": [1.10805e-08, 1.32501e-08, 1.60566e-08, 5.13048e-07, 6.81415e-07, 1.19275e-06, 2.41258e-06, 1.74946e-05, 0.00016371]
  },
  "usolve_opt": {
    "mean": [9.35986e-08, 2.33751e-07, 9.26427e-07, 1.96779e-06, 5.27214e-06, 2.84578e-05, 0.000120096, 0.000511432, 0.0036142],
    "std_dev": [1.959e-08, 5.3955e-08, 2.32397e-08, 5.24812e-08, 2.31622e-07, 1.78845e-06, 1.79605e-06, 1.03442e-05, 0.000491824]
  }
}
